admin_request_id,created_at,completed_at,user_email,category,priority,status,subject,description
ADM-30000,2025-10-12 01:03:55,2024-11-17 01:25:36,staff529@novaedge.com,Travel Request,High,Completed,Request to restock A4 paper and markers for the office.,Request to restock A4 paper and markers for the office.
ADM-30001,2025-06-30 01:35:38,,staff817@novaedge.com,Stationery,High,Assigned,"Visitor incoming: Mr. Lee on 2025-12-10 for interview, needs access ca","Visitor incoming: Mr. Lee on 2025-12-10 for interview, needs access card."
ADM-30002,2024-12-14 22:30:14,2025-05-29 08:07:13,staff814@novaedge.com,Asset Request,High,Cancelled,"Visitor incoming: Mr. Lee on 2025-12-07 for interview, needs access ca","Visitor incoming: Mr. Lee on 2025-12-07 for interview, needs access card."
ADM-30003,2025-06-03 13:50:49,,staff632@novaedge.com,Badge Access,High,Assigned,Book meeting room A for 2025-12-19 10:00-11:00 for client meeting.,Book meeting room A for 2025-12-19 10:00-11:00 for client meeting.
ADM-30004,2025-09-13 22:31:44,,staff123@novaedge.com,Asset Request,Medium,Assigned,Request to restock A4 paper and markers for the office.,Request to restock A4 paper and markers for the office.
ADM-30005,2025-07-01 00:37:53,2025-03-23 13:23:22,staff617@novaedge.com,Stationery,High,Cancelled,Request to restock A4 paper and markers for the office.,Request to restock A4 paper and markers for the office.
ADM-30006,2025-03-17 21:40:13,,staff559@novaedge.com,Meeting Room Booking,High,Open,Book meeting room A for 2025-12-04 10:00-11:00 for client meeting.,Book meeting room A for 2025-12-04 10:00-11:00 for client meeting.
ADM-30007,2025-07-17 14:43:23,,staff458@novaedge.com,Visitor Request,High,Assigned,Travel request: approval for client visit to London next month.,Travel request: approval for client visit to London next month.
ADM-30008,2025-04-28 23:57:18,,staff207@novaedge.com,Travel Request,Medium,Assigned,"Visitor incoming: Mr. Garcia on 2025-12-05 for interview, needs access","Visitor incoming: Mr. Garcia on 2025-12-05 for interview, needs access card."
ADM-30009,2025-10-04 11:32:40,2025-05-07 00:10:48,staff948@novaedge.com,Visitor Request,High,Cancelled,Book meeting room A for 2025-12-11 10:00-11:00 for client meeting.,Book meeting room A for 2025-12-11 10:00-11:00 for client meeting.
ADM-30010,2025-08-25 10:42:27,2025-09-28 11:03:09,staff793@novaedge.com,Badge Access,Low,Completed,Requesting an additional monitor for staff793@novaedge.com.,Requesting an additional monitor for staff793@novaedge.com.
ADM-30011,2025-01-05 20:40:32,2024-12-30 13:48:32,staff550@novaedge.com,Asset Request,Medium,Cancelled,New badge access required for Staff 375 to enter building after hours.,New badge access required for Staff 375 to enter building after hours.
ADM-30012,2025-04-29 09:47:26,,staff821@novaedge.com,Travel Request,Medium,Assigned,Travel request: approval for client visit to Mumbai next month.,Travel request: approval for client visit to Mumbai next month.
ADM-30013,2024-12-28 06:59:34,,staff672@novaedge.com,Meeting Room Booking,High,Assigned,New badge access required for Staff 309 to enter building after hours.,New badge access required for Staff 309 to enter building after hours.
ADM-30014,2025-03-04 20:45:41,,staff635@novaedge.com,Asset Request,Medium,Open,Request to restock A4 paper and markers for the office.,Request to restock A4 paper and markers for the office.
ADM-30015,2025-10-04 16:20:39,,staff245@novaedge.com,Badge Access,Low,Assigned,Book meeting room A for 2026-01-04 10:00-11:00 for client meeting.,Book meeting room A for 2026-01-04 10:00-11:00 for client meeting.
ADM-30016,2025-04-15 14:09:41,2025-06-11 08:12:02,staff102@novaedge.com,Visitor Request,Low,Cancelled,Book meeting room A for 2025-11-22 10:00-11:00 for client meeting.,Book meeting room A for 2025-11-22 10:00-11:00 for client meeting.
ADM-30017,2025-01-01 15:36:54,2025-01-03 17:39:30,staff900@novaedge.com,Asset Request,Medium,Completed,Travel request: approval for client visit to London next month.,Travel request: approval for client visit to London next month.
ADM-30018,2024-12-16 18:36:08,2025-06-30 05:11:31,staff783@novaedge.com,Travel Request,Medium,Cancelled,Travel request: approval for client visit to San Francisco next month.,Travel request: approval for client visit to San Francisco next month.
ADM-30019,2025-10-29 20:58:46,2025-10-05 00:58:52,staff338@novaedge.com,Asset Request,Medium,Cancelled,Requesting an additional monitor for staff338@novaedge.com.,Requesting an additional monitor for staff338@novaedge.com.
ADM-30020,2025-06-06 22:57:05,,staff986@novaedge.com,Travel Request,Medium,Open,Travel request: approval for client visit to San Francisco next month.,Travel request: approval for client visit to San Francisco next month.
ADM-30021,2025-05-23 14:45:58,,staff297@novaedge.com,Meeting Room Booking,High,Open,Book meeting room A for 2025-12-24 10:00-11:00 for client meeting.,Book meeting room A for 2025-12-24 10:00-11:00 for client meeting.
ADM-30022,2025-08-28 08:11:41,,staff223@novaedge.com,Badge Access,High,Open,Book meeting room A for 2025-12-27 10:00-11:00 for client meeting.,Book meeting room A for 2025-12-27 10:00-11:00 for client meeting.
ADM-30023,2025-06-17 02:54:21,2025-05-12 13:30:25,staff186@novaedge.com,Visitor Request,High,Cancelled,Request to restock A4 paper and markers for the office.,Request to restock A4 paper and markers for the office.
ADM-30024,2025-04-02 14:37:09,2024-12-17 09:34:58,staff284@novaedge.com,Meeting Room Booking,Medium,Cancelled,Requesting an additional monitor for staff284@novaedge.com.,Requesting an additional monitor for staff284@novaedge.com.
ADM-30025,2025-03-06 03:43:13,,staff392@novaedge.com,Meeting Room Booking,High,Assigned,Book meeting room A for 2025-11-24 10:00-11:00 for client meeting.,Book meeting room A for 2025-11-24 10:00-11:00 for client meeting.
ADM-30026,2025-03-02 22:53:46,,staff160@novaedge.com,Badge Access,High,Assigned,Book meeting room A for 2025-12-24 10:00-11:00 for client meeting.,Book meeting room A for 2025-12-24 10:00-11:00 for client meeting.
ADM-30027,2024-12-03 02:39:19,,staff522@novaedge.com,Meeting Room Booking,Medium,Assigned,New badge access required for Staff 133 to enter building after hours.,New badge access required for Staff 133 to enter building after hours.
ADM-30028,2024-12-06 07:20:21,,staff604@novaedge.com,Visitor Request,High,Assigned,Book meeting room A for 2025-12-17 10:00-11:00 for client meeting.,Book meeting room A for 2025-12-17 10:00-11:00 for client meeting.
ADM-30029,2025-10-13 16:31:21,2024-11-20 23:20:20,staff167@novaedge.com,Badge Access,High,Cancelled,Travel request: approval for client visit to Mumbai next month.,Travel request: approval for client visit to Mumbai next month.
ADM-30030,2025-06-09 14:02:05,,staff352@novaedge.com,Asset Request,High,Open,"Visitor incoming: Mr. Garcia on 2026-01-02 for interview, needs access","Visitor incoming: Mr. Garcia on 2026-01-02 for interview, needs access card."
ADM-30031,2025-05-29 09:00:54,,staff901@novaedge.com,Badge Access,Low,Assigned,"Visitor incoming: Mr. Smith on 2025-11-24 for interview, needs access ","Visitor incoming: Mr. Smith on 2025-11-24 for interview, needs access card."
ADM-30032,2025-07-10 12:59:55,2025-01-14 06:27:59,staff142@novaedge.com,Badge Access,High,Cancelled,Requesting an additional monitor for staff142@novaedge.com.,Requesting an additional monitor for staff142@novaedge.com.
ADM-30033,2025-06-15 18:11:50,2025-05-19 10:40:48,staff712@novaedge.com,Meeting Room Booking,Medium,Completed,Travel request: approval for client visit to Mumbai next month.,Travel request: approval for client visit to Mumbai next month.
ADM-30034,2025-08-05 19:50:57,,staff407@novaedge.com,Meeting Room Booking,Low,Open,Book meeting room A for 2025-11-20 10:00-11:00 for client meeting.,Book meeting room A for 2025-11-20 10:00-11:00 for client meeting.
ADM-30035,2025-07-04 00:17:28,,staff725@novaedge.com,Stationery,Medium,Assigned,Travel request: approval for client visit to San Francisco next month.,Travel request: approval for client visit to San Francisco next month.
ADM-30036,2025-10-30 04:58:44,2025-03-14 01:29:18,staff351@novaedge.com,Travel Request,Medium,Completed,"Visitor incoming: Mr. Smith on 2025-12-27 for interview, needs access ","Visitor incoming: Mr. Smith on 2025-12-27 for interview, needs access card."
ADM-30037,2025-04-13 23:30:40,,staff723@novaedge.com,Travel Request,Low,Open,Book meeting room A for 2025-12-15 10:00-11:00 for client meeting.,Book meeting room A for 2025-12-15 10:00-11:00 for client meeting.
ADM-30038,2025-05-29 18:46:16,2025-10-05 23:08:07,staff880@novaedge.com,Travel Request,High,Cancelled,Travel request: approval for client visit to Bengaluru next month.,Travel request: approval for client visit to Bengaluru next month.
ADM-30039,2025-04-04 08:08:31,,staff461@novaedge.com,Travel Request,Medium,Open,Requesting an additional monitor for staff461@novaedge.com.,Requesting an additional monitor for staff461@novaedge.com.
ADM-30040,2025-08-12 10:08:54,,staff573@novaedge.com,Travel Request,Low,Open,Book meeting room A for 2025-12-08 10:00-11:00 for client meeting.,Book meeting room A for 2025-12-08 10:00-11:00 for client meeting.
ADM-30041,2025-02-07 16:18:09,2025-05-13 09:58:01,staff296@novaedge.com,Stationery,High,Completed,Request to restock A4 paper and markers for the office.,Request to restock A4 paper and markers for the office.
ADM-30042,2025-11-08 10:21:06,2025-07-05 04:54:12,staff604@novaedge.com,Stationery,Low,Completed,Book meeting room A for 2026-01-11 10:00-11:00 for client meeting.,Book meeting room A for 2026-01-11 10:00-11:00 for client meeting.
ADM-30043,2025-07-17 12:27:39,2025-06-22 06:14:33,staff274@novaedge.com,Meeting Room Booking,Medium,Cancelled,Travel request: approval for client visit to London next month.,Travel request: approval for client visit to London next month.
ADM-30044,2025-10-01 17:47:24,,staff863@novaedge.com,Visitor Request,Low,Assigned,Requesting an additional monitor for staff863@novaedge.com.,Requesting an additional monitor for staff863@novaedge.com.
ADM-30045,2025-06-26 10:50:33,,staff968@novaedge.com,Travel Request,Medium,Assigned,Travel request: approval for client visit to London next month.,Travel request: approval for client visit to London next month.
ADM-30046,2025-09-18 08:38:06,2025-04-11 16:26:09,staff102@novaedge.com,Travel Request,High,Cancelled,Request to restock A4 paper and markers for the office.,Request to restock A4 paper and markers for the office.
ADM-30047,2024-12-01 07:36:48,2025-10-15 09:18:45,staff607@novaedge.com,Meeting Room Booking,High,Cancelled,Book meeting room A for 2025-12-08 10:00-11:00 for client meeting.,Book meeting room A for 2025-12-08 10:00-11:00 for client meeting.
ADM-30048,2025-09-04 23:25:04,2025-11-10 14:55:17,staff105@novaedge.com,Asset Request,Medium,Completed,Book meeting room A for 2025-12-10 10:00-11:00 for client meeting.,Book meeting room A for 2025-12-10 10:00-11:00 for client meeting.
ADM-30049,2025-03-07 14:51:44,2025-06-30 15:54:59,staff176@novaedge.com,Visitor Request,High,Cancelled,"Visitor incoming: Mr. Patel on 2026-01-12 for interview, needs access ","Visitor incoming: Mr. Patel on 2026-01-12 for interview, needs access card."
ADM-30050,2025-09-16 23:02:58,2025-02-12 09:16:06,staff542@novaedge.com,Meeting Room Booking,Low,Cancelled,Travel request: approval for client visit to San Francisco next month.,Travel request: approval for client visit to San Francisco next month.
ADM-30051,2025-08-24 07:46:06,2025-06-28 07:36:22,staff952@novaedge.com,Badge Access,Low,Completed,"Visitor incoming: Mr. Smith on 2025-11-18 for interview, needs access ","Visitor incoming: Mr. Smith on 2025-11-18 for interview, needs access card."
ADM-30052,2025-03-31 22:11:04,2025-10-05 01:20:11,staff692@novaedge.com,Meeting Room Booking,High,Cancelled,Book meeting room A for 2025-11-22 10:00-11:00 for client meeting.,Book meeting room A for 2025-11-22 10:00-11:00 for client meeting.
ADM-30053,2025-06-30 17:35:08,,staff163@novaedge.com,Travel Request,Low,Assigned,Request to restock A4 paper and markers for the office.,Request to restock A4 paper and markers for the office.
ADM-30054,2024-12-19 03:40:34,,staff672@novaedge.com,Meeting Room Booking,Low,Open,New badge access required for Staff 436 to enter building after hours.,New badge access required for Staff 436 to enter building after hours.
ADM-30055,2025-06-28 04:39:45,,staff564@novaedge.com,Badge Access,Low,Open,New badge access required for Staff 408 to enter building after hours.,New badge access required for Staff 408 to enter building after hours.
ADM-30056,2024-12-21 15:45:52,,staff564@novaedge.com,Stationery,High,Open,"Visitor incoming: Mr. Smith on 2025-12-18 for interview, needs access ","Visitor incoming: Mr. Smith on 2025-12-18 for interview, needs access card."
ADM-30057,2025-07-04 19:30:33,,staff707@novaedge.com,Asset Request,High,Open,Requesting an additional monitor for staff707@novaedge.com.,Requesting an additional monitor for staff707@novaedge.com.
ADM-30058,2025-01-03 10:12:57,2024-11-30 06:15:47,staff592@novaedge.com,Stationery,Medium,Cancelled,"Visitor incoming: Mr. Garcia on 2025-12-31 for interview, needs access","Visitor incoming: Mr. Garcia on 2025-12-31 for interview, needs access card."
ADM-30059,2025-08-24 05:32:42,2025-01-06 23:30:23,staff625@novaedge.com,Visitor Request,Medium,Cancelled,Requesting an additional monitor for staff625@novaedge.com.,Requesting an additional monitor for staff625@novaedge.com.
ADM-30060,2024-12-05 02:18:20,2025-05-18 06:28:04,staff398@novaedge.com,Stationery,High,Completed,Requesting an additional monitor for staff398@novaedge.com.,Requesting an additional monitor for staff398@novaedge.com.
ADM-30061,2025-03-18 20:11:52,2025-07-15 22:39:28,staff452@novaedge.com,Asset Request,Low,Cancelled,"Visitor incoming: Mr. Patel on 2025-11-27 for interview, needs access ","Visitor incoming: Mr. Patel on 2025-11-27 for interview, needs access card."
ADM-30062,2025-10-31 16:39:05,2025-06-27 01:15:59,staff714@novaedge.com,Travel Request,High,Cancelled,Requesting an additional monitor for staff714@novaedge.com.,Requesting an additional monitor for staff714@novaedge.com.
ADM-30063,2025-07-05 07:48:08,,staff207@novaedge.com,Badge Access,Medium,Assigned,"Visitor incoming: Mr. Kumar on 2025-12-14 for interview, needs access ","Visitor incoming: Mr. Kumar on 2025-12-14 for interview, needs access card."
ADM-30064,2025-09-04 19:53:59,2025-03-31 09:11:25,staff738@novaedge.com,Travel Request,Low,Cancelled,Travel request: approval for client visit to San Francisco next month.,Travel request: approval for client visit to San Francisco next month.
ADM-30065,2024-12-26 05:15:40,,staff471@novaedge.com,Badge Access,Low,Open,Book meeting room A for 2025-11-15 10:00-11:00 for client meeting.,Book meeting room A for 2025-11-15 10:00-11:00 for client meeting.
ADM-30066,2025-01-25 09:09:00,,staff746@novaedge.com,Stationery,Medium,Assigned,Book meeting room A for 2025-12-22 10:00-11:00 for client meeting.,Book meeting room A for 2025-12-22 10:00-11:00 for client meeting.
ADM-30067,2025-01-18 08:13:33,2024-11-22 00:28:23,staff836@novaedge.com,Visitor Request,Low,Completed,Requesting an additional monitor for staff836@novaedge.com.,Requesting an additional monitor for staff836@novaedge.com.
ADM-30068,2025-03-17 16:26:26,,staff951@novaedge.com,Stationery,Low,Open,Travel request: approval for client visit to Bengaluru next month.,Travel request: approval for client visit to Bengaluru next month.
ADM-30069,2025-11-05 19:36:55,2025-11-13 08:00:38,staff345@novaedge.com,Visitor Request,Medium,Cancelled,"Visitor incoming: Mr. Smith on 2025-12-08 for interview, needs access ","Visitor incoming: Mr. Smith on 2025-12-08 for interview, needs access card."
ADM-30070,2025-05-27 13:22:56,,staff221@novaedge.com,Badge Access,High,Open,"Visitor incoming: Mr. Patel on 2025-11-24 for interview, needs access ","Visitor incoming: Mr. Patel on 2025-11-24 for interview, needs access card."
ADM-30071,2025-06-16 13:10:39,2025-09-22 01:03:27,staff713@novaedge.com,Travel Request,Medium,Completed,Book meeting room A for 2025-12-12 10:00-11:00 for client meeting.,Book meeting room A for 2025-12-12 10:00-11:00 for client meeting.
ADM-30072,2025-11-02 15:14:58,2025-10-03 12:06:41,staff353@novaedge.com,Stationery,Low,Completed,"Visitor incoming: Mr. Smith on 2025-11-18 for interview, needs access ","Visitor incoming: Mr. Smith on 2025-11-18 for interview, needs access card."
ADM-30073,2025-04-04 20:05:52,,staff903@novaedge.com,Visitor Request,High,Open,"Visitor incoming: Mr. Garcia on 2025-12-15 for interview, needs access","Visitor incoming: Mr. Garcia on 2025-12-15 for interview, needs access card."
ADM-30074,2025-05-24 23:22:11,2025-05-09 13:53:07,staff610@novaedge.com,Travel Request,High,Completed,Request to restock A4 paper and markers for the office.,Request to restock A4 paper and markers for the office.
ADM-30075,2025-02-02 07:15:12,2025-01-27 06:29:14,staff695@novaedge.com,Badge Access,Medium,Completed,Book meeting room A for 2025-12-10 10:00-11:00 for client meeting.,Book meeting room A for 2025-12-10 10:00-11:00 for client meeting.
ADM-30076,2025-02-15 01:52:45,,staff413@novaedge.com,Visitor Request,Medium,Assigned,"Visitor incoming: Mr. Lee on 2025-12-12 for interview, needs access ca","Visitor incoming: Mr. Lee on 2025-12-12 for interview, needs access card."
ADM-30077,2024-11-29 04:36:54,,staff402@novaedge.com,Meeting Room Booking,Low,Open,"Visitor incoming: Mr. Garcia on 2025-12-13 for interview, needs access","Visitor incoming: Mr. Garcia on 2025-12-13 for interview, needs access card."
ADM-30078,2025-09-03 19:39:44,2025-03-09 21:18:07,staff536@novaedge.com,Asset Request,High,Completed,New badge access required for Staff 222 to enter building after hours.,New badge access required for Staff 222 to enter building after hours.
ADM-30079,2025-10-09 05:07:53,,staff552@novaedge.com,Badge Access,Low,Assigned,Book meeting room A for 2025-11-29 10:00-11:00 for client meeting.,Book meeting room A for 2025-11-29 10:00-11:00 for client meeting.
ADM-30080,2025-03-25 15:52:41,,staff904@novaedge.com,Stationery,High,Open,Book meeting room A for 2025-12-02 10:00-11:00 for client meeting.,Book meeting room A for 2025-12-02 10:00-11:00 for client meeting.
ADM-30081,2025-01-22 18:13:51,2025-06-22 15:32:28,staff301@novaedge.com,Asset Request,Low,Completed,Request to restock A4 paper and markers for the office.,Request to restock A4 paper and markers for the office.
ADM-30082,2025-10-25 09:32:33,2025-09-10 03:42:29,staff108@novaedge.com,Visitor Request,High,Completed,Request to restock A4 paper and markers for the office.,Request to restock A4 paper and markers for the office.
ADM-30083,2025-02-05 00:04:39,2025-08-14 14:38:38,staff769@novaedge.com,Travel Request,Low,Cancelled,New badge access required for Staff 444 to enter building after hours.,New badge access required for Staff 444 to enter building after hours.
ADM-30084,2025-09-18 21:25:32,2025-04-19 16:25:46,staff839@novaedge.com,Badge Access,Low,Cancelled,Book meeting room A for 2026-01-06 10:00-11:00 for client meeting.,Book meeting room A for 2026-01-06 10:00-11:00 for client meeting.
ADM-30085,2025-06-12 23:10:37,,staff549@novaedge.com,Travel Request,Medium,Assigned,Request to restock A4 paper and markers for the office.,Request to restock A4 paper and markers for the office.
ADM-30086,2025-04-18 13:30:16,,staff611@novaedge.com,Visitor Request,Medium,Open,"Visitor incoming: Mr. Smith on 2026-01-05 for interview, needs access ","Visitor incoming: Mr. Smith on 2026-01-05 for interview, needs access card."
ADM-30087,2025-01-09 06:32:18,2025-10-27 21:18:28,staff433@novaedge.com,Badge Access,High,Completed,Book meeting room A for 2025-12-22 10:00-11:00 for client meeting.,Book meeting room A for 2025-12-22 10:00-11:00 for client meeting.
ADM-30088,2025-01-21 22:02:59,2024-12-23 19:52:30,staff490@novaedge.com,Stationery,High,Cancelled,Requesting an additional monitor for staff490@novaedge.com.,Requesting an additional monitor for staff490@novaedge.com.
ADM-30089,2024-11-25 21:02:28,2025-07-23 16:03:29,staff195@novaedge.com,Asset Request,Medium,Completed,Requesting an additional monitor for staff195@novaedge.com.,Requesting an additional monitor for staff195@novaedge.com.
ADM-30090,2025-02-28 10:17:15,,staff303@novaedge.com,Badge Access,Low,Assigned,"Visitor incoming: Mr. Lee on 2025-11-19 for interview, needs access ca","Visitor incoming: Mr. Lee on 2025-11-19 for interview, needs access card."
ADM-30091,2025-09-23 23:14:22,2025-04-13 03:20:51,staff158@novaedge.com,Asset Request,Low,Cancelled,"Visitor incoming: Mr. Garcia on 2025-12-08 for interview, needs access","Visitor incoming: Mr. Garcia on 2025-12-08 for interview, needs access card."
ADM-30092,2025-10-28 18:51:02,,staff649@novaedge.com,Visitor Request,Low,Assigned,Book meeting room A for 2025-12-11 10:00-11:00 for client meeting.,Book meeting room A for 2025-12-11 10:00-11:00 for client meeting.
ADM-30093,2025-10-22 23:11:39,,staff417@novaedge.com,Visitor Request,Low,Assigned,Requesting an additional monitor for staff417@novaedge.com.,Requesting an additional monitor for staff417@novaedge.com.
ADM-30094,2025-09-11 03:32:48,2025-06-22 22:40:36,staff382@novaedge.com,Asset Request,Low,Cancelled,New badge access required for Staff 74 to enter building after hours.,New badge access required for Staff 74 to enter building after hours.
ADM-30095,2024-11-28 10:35:09,2024-12-17 10:15:45,staff682@novaedge.com,Visitor Request,High,Completed,New badge access required for Staff 236 to enter building after hours.,New badge access required for Staff 236 to enter building after hours.
ADM-30096,2025-04-14 16:03:55,2025-01-18 17:18:26,staff817@novaedge.com,Travel Request,Medium,Completed,Requesting an additional monitor for staff817@novaedge.com.,Requesting an additional monitor for staff817@novaedge.com.
ADM-30097,2025-04-06 19:42:45,2025-10-25 08:25:27,staff568@novaedge.com,Asset Request,High,Cancelled,Requesting an additional monitor for staff568@novaedge.com.,Requesting an additional monitor for staff568@novaedge.com.
ADM-30098,2025-10-11 20:44:04,2025-04-13 06:59:59,staff743@novaedge.com,Visitor Request,Low,Completed,Book meeting room A for 2025-12-19 10:00-11:00 for client meeting.,Book meeting room A for 2025-12-19 10:00-11:00 for client meeting.
ADM-30099,2025-04-27 18:24:08,2025-02-14 10:26:19,staff178@novaedge.com,Asset Request,Low,Completed,Request to restock A4 paper and markers for the office.,Request to restock A4 paper and markers for the office.
ADM-30100,2025-09-22 12:46:33,2025-04-07 23:04:12,staff127@novaedge.com,Asset Request,Low,Cancelled,Request to restock A4 paper and markers for the office.,Request to restock A4 paper and markers for the office.
ADM-30101,2025-05-10 02:41:38,,staff826@novaedge.com,Meeting Room Booking,Medium,Open,Travel request: approval for client visit to New York next month.,Travel request: approval for client visit to New York next month.
ADM-30102,2025-01-15 10:33:48,,staff830@novaedge.com,Meeting Room Booking,Low,Assigned,Request to restock A4 paper and markers for the office.,Request to restock A4 paper and markers for the office.
ADM-30103,2025-01-14 15:51:16,,staff281@novaedge.com,Meeting Room Booking,High,Open,Travel request: approval for client visit to New York next month.,Travel request: approval for client visit to New York next month.
ADM-30104,2025-10-06 00:08:50,2025-05-27 11:08:26,staff257@novaedge.com,Travel Request,Low,Completed,"Visitor incoming: Mr. Smith on 2025-12-13 for interview, needs access ","Visitor incoming: Mr. Smith on 2025-12-13 for interview, needs access card."
ADM-30105,2025-04-05 18:01:12,,staff956@novaedge.com,Badge Access,High,Open,Travel request: approval for client visit to Bengaluru next month.,Travel request: approval for client visit to Bengaluru next month.
ADM-30106,2025-10-19 04:40:16,,staff712@novaedge.com,Stationery,Medium,Open,New badge access required for Staff 396 to enter building after hours.,New badge access required for Staff 396 to enter building after hours.
ADM-30107,2025-09-09 16:00:56,,staff193@novaedge.com,Stationery,Low,Assigned,Book meeting room A for 2025-11-16 10:00-11:00 for client meeting.,Book meeting room A for 2025-11-16 10:00-11:00 for client meeting.
ADM-30108,2025-08-05 10:32:37,,staff325@novaedge.com,Travel Request,High,Open,Travel request: approval for client visit to Mumbai next month.,Travel request: approval for client visit to Mumbai next month.
ADM-30109,2025-06-30 04:20:30,,staff935@novaedge.com,Meeting Room Booking,Medium,Open,Travel request: approval for client visit to Mumbai next month.,Travel request: approval for client visit to Mumbai next month.
ADM-30110,2025-01-16 13:07:40,2025-04-09 22:56:42,staff223@novaedge.com,Asset Request,Medium,Cancelled,Request to restock A4 paper and markers for the office.,Request to restock A4 paper and markers for the office.
ADM-30111,2025-07-09 09:43:16,2025-03-28 20:28:03,staff317@novaedge.com,Stationery,Low,Cancelled,Travel request: approval for client visit to San Francisco next month.,Travel request: approval for client visit to San Francisco next month.
ADM-30112,2025-08-29 23:38:19,2025-10-16 18:53:04,staff408@novaedge.com,Meeting Room Booking,Low,Cancelled,Book meeting room A for 2026-01-03 10:00-11:00 for client meeting.,Book meeting room A for 2026-01-03 10:00-11:00 for client meeting.
ADM-30113,2025-07-19 14:36:42,2025-11-04 02:08:12,staff197@novaedge.com,Asset Request,Low,Completed,Travel request: approval for client visit to New York next month.,Travel request: approval for client visit to New York next month.
ADM-30114,2024-12-08 19:37:16,2024-11-20 14:48:23,staff279@novaedge.com,Travel Request,Low,Completed,Travel request: approval for client visit to New York next month.,Travel request: approval for client visit to New York next month.
ADM-30115,2025-02-07 01:49:51,2025-06-27 03:25:03,staff623@novaedge.com,Asset Request,Medium,Cancelled,Requesting an additional monitor for staff623@novaedge.com.,Requesting an additional monitor for staff623@novaedge.com.
ADM-30116,2025-01-03 09:11:20,,staff855@novaedge.com,Meeting Room Booking,Medium,Assigned,Book meeting room A for 2025-12-12 10:00-11:00 for client meeting.,Book meeting room A for 2025-12-12 10:00-11:00 for client meeting.
ADM-30117,2025-10-17 05:16:01,,staff255@novaedge.com,Badge Access,Medium,Assigned,Book meeting room A for 2025-12-09 10:00-11:00 for client meeting.,Book meeting room A for 2025-12-09 10:00-11:00 for client meeting.
ADM-30118,2025-08-30 04:11:38,2025-04-14 14:40:09,staff237@novaedge.com,Asset Request,Medium,Completed,Book meeting room A for 2025-12-02 10:00-11:00 for client meeting.,Book meeting room A for 2025-12-02 10:00-11:00 for client meeting.
ADM-30119,2025-05-30 00:34:26,,staff967@novaedge.com,Stationery,Low,Assigned,"Visitor incoming: Mr. Smith on 2025-12-31 for interview, needs access ","Visitor incoming: Mr. Smith on 2025-12-31 for interview, needs access card."
ADM-30120,2025-04-24 15:17:04,,staff722@novaedge.com,Travel Request,Low,Assigned,Request to restock A4 paper and markers for the office.,Request to restock A4 paper and markers for the office.
ADM-30121,2024-12-30 00:07:02,2025-01-16 13:36:12,staff171@novaedge.com,Meeting Room Booking,Low,Cancelled,"Visitor incoming: Mr. Kumar on 2025-11-27 for interview, needs access ","Visitor incoming: Mr. Kumar on 2025-11-27 for interview, needs access card."
ADM-30122,2025-01-13 02:14:03,,staff619@novaedge.com,Asset Request,Low,Assigned,New badge access required for Staff 372 to enter building after hours.,New badge access required for Staff 372 to enter building after hours.
ADM-30123,2025-04-26 19:03:31,2025-07-04 04:05:31,staff280@novaedge.com,Visitor Request,Low,Cancelled,Request to restock A4 paper and markers for the office.,Request to restock A4 paper and markers for the office.
ADM-30124,2025-04-17 11:01:51,,staff468@novaedge.com,Stationery,Medium,Open,New badge access required for Staff 86 to enter building after hours.,New badge access required for Staff 86 to enter building after hours.
ADM-30125,2025-09-21 21:36:46,2025-08-18 03:48:07,staff878@novaedge.com,Asset Request,High,Cancelled,New badge access required for Staff 11 to enter building after hours.,New badge access required for Staff 11 to enter building after hours.
ADM-30126,2025-03-05 19:25:31,,staff666@novaedge.com,Stationery,High,Assigned,New badge access required for Staff 132 to enter building after hours.,New badge access required for Staff 132 to enter building after hours.
ADM-30127,2025-01-09 15:35:21,2025-01-22 09:19:30,staff173@novaedge.com,Stationery,Medium,Cancelled,New badge access required for Staff 367 to enter building after hours.,New badge access required for Staff 367 to enter building after hours.
ADM-30128,2025-04-03 08:22:15,2025-03-06 12:37:33,staff603@novaedge.com,Meeting Room Booking,High,Completed,New badge access required for Staff 482 to enter building after hours.,New badge access required for Staff 482 to enter building after hours.
ADM-30129,2025-01-24 01:38:31,2025-04-22 10:10:23,staff139@novaedge.com,Asset Request,Low,Cancelled,Requesting an additional monitor for staff139@novaedge.com.,Requesting an additional monitor for staff139@novaedge.com.
ADM-30130,2025-07-26 09:09:09,2025-07-09 18:08:33,staff621@novaedge.com,Stationery,High,Completed,Travel request: approval for client visit to San Francisco next month.,Travel request: approval for client visit to San Francisco next month.
ADM-30131,2025-07-26 18:03:09,,staff348@novaedge.com,Badge Access,High,Assigned,Request to restock A4 paper and markers for the office.,Request to restock A4 paper and markers for the office.
ADM-30132,2025-06-13 06:28:38,2025-07-14 00:37:11,staff719@novaedge.com,Travel Request,Low,Completed,"Visitor incoming: Mr. Patel on 2025-12-14 for interview, needs access ","Visitor incoming: Mr. Patel on 2025-12-14 for interview, needs access card."
ADM-30133,2025-11-04 17:43:06,,staff889@novaedge.com,Visitor Request,Low,Open,Travel request: approval for client visit to London next month.,Travel request: approval for client visit to London next month.
ADM-30134,2025-07-24 16:41:36,,staff997@novaedge.com,Meeting Room Booking,High,Assigned,New badge access required for Staff 425 to enter building after hours.,New badge access required for Staff 425 to enter building after hours.
ADM-30135,2024-12-24 01:26:38,2025-06-11 04:16:53,staff700@novaedge.com,Asset Request,High,Cancelled,Travel request: approval for client visit to Bengaluru next month.,Travel request: approval for client visit to Bengaluru next month.
ADM-30136,2025-11-09 10:32:47,2025-09-08 03:46:26,staff866@novaedge.com,Stationery,Low,Completed,Request to restock A4 paper and markers for the office.,Request to restock A4 paper and markers for the office.
ADM-30137,2025-08-08 17:39:11,,staff892@novaedge.com,Meeting Room Booking,Low,Open,New badge access required for Staff 269 to enter building after hours.,New badge access required for Staff 269 to enter building after hours.
ADM-30138,2025-05-16 15:05:58,2024-12-24 09:53:24,staff290@novaedge.com,Visitor Request,Low,Completed,New badge access required for Staff 102 to enter building after hours.,New badge access required for Staff 102 to enter building after hours.
ADM-30139,2025-11-07 22:49:11,,staff305@novaedge.com,Asset Request,Low,Assigned,"Visitor incoming: Mr. Patel on 2025-11-18 for interview, needs access ","Visitor incoming: Mr. Patel on 2025-11-18 for interview, needs access card."
ADM-30140,2025-04-01 01:06:18,,staff989@novaedge.com,Badge Access,Medium,Open,Request to restock A4 paper and markers for the office.,Request to restock A4 paper and markers for the office.
ADM-30141,2024-11-17 15:28:50,2025-02-19 07:04:13,staff130@novaedge.com,Stationery,Low,Completed,New badge access required for Staff 245 to enter building after hours.,New badge access required for Staff 245 to enter building after hours.
ADM-30142,2025-06-22 06:21:02,,staff199@novaedge.com,Meeting Room Booking,High,Open,Book meeting room A for 2025-11-28 10:00-11:00 for client meeting.,Book meeting room A for 2025-11-28 10:00-11:00 for client meeting.
ADM-30143,2025-07-21 01:17:48,2025-03-19 09:33:41,staff875@novaedge.com,Stationery,Medium,Cancelled,Request to restock A4 paper and markers for the office.,Request to restock A4 paper and markers for the office.
ADM-30144,2025-09-28 20:21:41,2025-09-04 11:07:48,staff781@novaedge.com,Stationery,Low,Completed,Book meeting room A for 2025-12-10 10:00-11:00 for client meeting.,Book meeting room A for 2025-12-10 10:00-11:00 for client meeting.
ADM-30145,2025-09-27 08:41:21,2025-02-24 04:20:19,staff842@novaedge.com,Meeting Room Booking,Medium,Cancelled,Requesting an additional monitor for staff842@novaedge.com.,Requesting an additional monitor for staff842@novaedge.com.
ADM-30146,2024-11-15 07:36:50,2025-07-05 01:43:29,staff562@novaedge.com,Travel Request,Low,Completed,New badge access required for Staff 264 to enter building after hours.,New badge access required for Staff 264 to enter building after hours.
ADM-30147,2025-06-23 15:26:49,2025-04-09 05:39:00,staff994@novaedge.com,Stationery,Low,Completed,New badge access required for Staff 348 to enter building after hours.,New badge access required for Staff 348 to enter building after hours.
ADM-30148,2025-08-09 04:28:34,2025-03-01 10:26:33,staff538@novaedge.com,Asset Request,Low,Completed,Travel request: approval for client visit to Bengaluru next month.,Travel request: approval for client visit to Bengaluru next month.
ADM-30149,2024-11-25 18:17:45,,staff990@novaedge.com,Visitor Request,High,Assigned,Travel request: approval for client visit to London next month.,Travel request: approval for client visit to London next month.
ADM-30150,2025-10-07 08:44:32,2025-10-28 18:27:06,staff952@novaedge.com,Badge Access,Low,Completed,New badge access required for Staff 448 to enter building after hours.,New badge access required for Staff 448 to enter building after hours.
ADM-30151,2024-12-22 16:07:02,,staff349@novaedge.com,Badge Access,High,Assigned,Travel request: approval for client visit to Bengaluru next month.,Travel request: approval for client visit to Bengaluru next month.
ADM-30152,2025-08-03 16:10:33,,staff434@novaedge.com,Travel Request,Low,Assigned,Request to restock A4 paper and markers for the office.,Request to restock A4 paper and markers for the office.
ADM-30153,2024-12-17 04:28:22,,staff781@novaedge.com,Travel Request,Medium,Open,Travel request: approval for client visit to New York next month.,Travel request: approval for client visit to New York next month.
ADM-30154,2025-03-31 18:48:48,,staff689@novaedge.com,Travel Request,Medium,Assigned,Travel request: approval for client visit to San Francisco next month.,Travel request: approval for client visit to San Francisco next month.
ADM-30155,2025-02-03 18:30:30,2024-12-26 09:38:49,staff769@novaedge.com,Travel Request,High,Cancelled,New badge access required for Staff 495 to enter building after hours.,New badge access required for Staff 495 to enter building after hours.
ADM-30156,2025-06-11 06:16:22,,staff448@novaedge.com,Meeting Room Booking,Low,Open,"Visitor incoming: Mr. Garcia on 2026-01-01 for interview, needs access","Visitor incoming: Mr. Garcia on 2026-01-01 for interview, needs access card."
ADM-30157,2025-05-28 16:05:08,2025-09-19 08:57:43,staff690@novaedge.com,Visitor Request,Medium,Cancelled,Book meeting room A for 2026-01-01 10:00-11:00 for client meeting.,Book meeting room A for 2026-01-01 10:00-11:00 for client meeting.
ADM-30158,2025-06-17 19:24:02,2024-12-23 01:53:44,staff916@novaedge.com,Badge Access,Medium,Completed,Travel request: approval for client visit to London next month.,Travel request: approval for client visit to London next month.
ADM-30159,2025-07-20 08:50:09,2025-01-06 23:38:57,staff423@novaedge.com,Meeting Room Booking,High,Cancelled,"Visitor incoming: Mr. Smith on 2025-11-24 for interview, needs access ","Visitor incoming: Mr. Smith on 2025-11-24 for interview, needs access card."
ADM-30160,2025-02-21 23:38:50,,staff713@novaedge.com,Stationery,Low,Open,Travel request: approval for client visit to Bengaluru next month.,Travel request: approval for client visit to Bengaluru next month.
ADM-30161,2024-12-05 15:24:05,2025-09-05 21:38:39,staff746@novaedge.com,Travel Request,High,Cancelled,Request to restock A4 paper and markers for the office.,Request to restock A4 paper and markers for the office.
ADM-30162,2025-10-17 03:03:57,,staff968@novaedge.com,Visitor Request,High,Assigned,Travel request: approval for client visit to Bengaluru next month.,Travel request: approval for client visit to Bengaluru next month.
ADM-30163,2025-03-17 07:54:57,2025-07-19 14:35:44,staff406@novaedge.com,Visitor Request,Medium,Cancelled,Requesting an additional monitor for staff406@novaedge.com.,Requesting an additional monitor for staff406@novaedge.com.
ADM-30164,2025-07-28 01:54:54,2025-06-02 04:46:15,staff173@novaedge.com,Stationery,Medium,Cancelled,Travel request: approval for client visit to Mumbai next month.,Travel request: approval for client visit to Mumbai next month.
ADM-30165,2025-04-30 04:11:16,2025-01-12 22:09:59,staff870@novaedge.com,Meeting Room Booking,Low,Completed,Book meeting room A for 2026-01-04 10:00-11:00 for client meeting.,Book meeting room A for 2026-01-04 10:00-11:00 for client meeting.
ADM-30166,2025-08-09 13:35:47,2024-11-17 12:12:14,staff398@novaedge.com,Visitor Request,Medium,Cancelled,"Visitor incoming: Mr. Patel on 2026-01-11 for interview, needs access ","Visitor incoming: Mr. Patel on 2026-01-11 for interview, needs access card."
ADM-30167,2025-10-18 03:50:04,,staff794@novaedge.com,Travel Request,High,Open,New badge access required for Staff 193 to enter building after hours.,New badge access required for Staff 193 to enter building after hours.
ADM-30168,2025-06-18 18:19:13,2025-11-03 03:00:41,staff283@novaedge.com,Meeting Room Booking,Medium,Cancelled,Travel request: approval for client visit to San Francisco next month.,Travel request: approval for client visit to San Francisco next month.
ADM-30169,2025-03-04 15:45:50,2025-06-19 18:31:30,staff350@novaedge.com,Travel Request,High,Cancelled,New badge access required for Staff 124 to enter building after hours.,New badge access required for Staff 124 to enter building after hours.
ADM-30170,2025-02-22 15:05:44,2025-07-10 14:11:43,staff894@novaedge.com,Visitor Request,High,Cancelled,New badge access required for Staff 399 to enter building after hours.,New badge access required for Staff 399 to enter building after hours.
ADM-30171,2025-02-04 06:38:02,,staff219@novaedge.com,Stationery,Low,Open,Travel request: approval for client visit to London next month.,Travel request: approval for client visit to London next month.
ADM-30172,2025-04-03 07:41:29,2025-11-14 03:48:06,staff380@novaedge.com,Asset Request,High,Cancelled,Requesting an additional monitor for staff380@novaedge.com.,Requesting an additional monitor for staff380@novaedge.com.
ADM-30173,2025-01-20 15:50:17,2025-09-06 20:55:34,staff685@novaedge.com,Travel Request,Medium,Completed,Book meeting room A for 2025-11-23 10:00-11:00 for client meeting.,Book meeting room A for 2025-11-23 10:00-11:00 for client meeting.
ADM-30174,2025-08-16 04:56:06,2025-01-28 21:35:08,staff165@novaedge.com,Meeting Room Booking,Medium,Cancelled,Travel request: approval for client visit to Bengaluru next month.,Travel request: approval for client visit to Bengaluru next month.
ADM-30175,2025-09-02 08:41:48,,staff982@novaedge.com,Travel Request,Low,Assigned,Requesting an additional monitor for staff982@novaedge.com.,Requesting an additional monitor for staff982@novaedge.com.
ADM-30176,2025-09-20 22:54:21,,staff688@novaedge.com,Meeting Room Booking,Low,Assigned,Requesting an additional monitor for staff688@novaedge.com.,Requesting an additional monitor for staff688@novaedge.com.
ADM-30177,2025-04-17 14:07:57,,staff618@novaedge.com,Meeting Room Booking,Low,Open,Requesting an additional monitor for staff618@novaedge.com.,Requesting an additional monitor for staff618@novaedge.com.
ADM-30178,2025-04-25 13:42:17,,staff407@novaedge.com,Travel Request,Low,Assigned,Request to restock A4 paper and markers for the office.,Request to restock A4 paper and markers for the office.
ADM-30179,2025-01-29 18:23:49,2024-12-20 07:31:23,staff635@novaedge.com,Asset Request,Medium,Completed,Requesting an additional monitor for staff635@novaedge.com.,Requesting an additional monitor for staff635@novaedge.com.
ADM-30180,2025-06-21 22:59:16,,staff292@novaedge.com,Meeting Room Booking,Low,Open,"Visitor incoming: Mr. Smith on 2025-11-24 for interview, needs access ","Visitor incoming: Mr. Smith on 2025-11-24 for interview, needs access card."
ADM-30181,2025-02-15 05:43:02,2025-04-02 12:36:58,staff384@novaedge.com,Visitor Request,High,Completed,Book meeting room A for 2025-11-23 10:00-11:00 for client meeting.,Book meeting room A for 2025-11-23 10:00-11:00 for client meeting.
ADM-30182,2025-05-28 18:43:29,2024-12-09 22:17:29,staff185@novaedge.com,Visitor Request,Medium,Cancelled,Travel request: approval for client visit to Mumbai next month.,Travel request: approval for client visit to Mumbai next month.
ADM-30183,2025-06-22 23:31:07,,staff831@novaedge.com,Travel Request,Medium,Assigned,Travel request: approval for client visit to London next month.,Travel request: approval for client visit to London next month.
ADM-30184,2024-12-12 11:19:06,2024-12-29 15:53:06,staff906@novaedge.com,Badge Access,Low,Completed,Requesting an additional monitor for staff906@novaedge.com.,Requesting an additional monitor for staff906@novaedge.com.
ADM-30185,2025-01-06 14:03:02,2025-09-01 11:32:09,staff167@novaedge.com,Meeting Room Booking,High,Cancelled,Request to restock A4 paper and markers for the office.,Request to restock A4 paper and markers for the office.
ADM-30186,2025-01-17 07:36:35,,staff486@novaedge.com,Stationery,Low,Open,Book meeting room A for 2025-11-29 10:00-11:00 for client meeting.,Book meeting room A for 2025-11-29 10:00-11:00 for client meeting.
ADM-30187,2025-06-03 11:42:47,2025-06-23 21:36:48,staff197@novaedge.com,Travel Request,Medium,Cancelled,Requesting an additional monitor for staff197@novaedge.com.,Requesting an additional monitor for staff197@novaedge.com.
ADM-30188,2025-06-03 12:50:49,2025-10-02 02:42:29,staff869@novaedge.com,Meeting Room Booking,Low,Completed,Travel request: approval for client visit to London next month.,Travel request: approval for client visit to London next month.
ADM-30189,2025-01-05 05:59:36,,staff365@novaedge.com,Badge Access,Medium,Assigned,"Visitor incoming: Mr. Garcia on 2025-11-15 for interview, needs access","Visitor incoming: Mr. Garcia on 2025-11-15 for interview, needs access card."
ADM-30190,2025-04-15 20:01:06,2025-04-30 06:24:49,staff154@novaedge.com,Asset Request,High,Completed,"Visitor incoming: Mr. Smith on 2026-01-12 for interview, needs access ","Visitor incoming: Mr. Smith on 2026-01-12 for interview, needs access card."
ADM-30191,2025-10-23 21:17:37,2025-10-01 21:09:34,staff614@novaedge.com,Badge Access,Medium,Cancelled,New badge access required for Staff 488 to enter building after hours.,New badge access required for Staff 488 to enter building after hours.
ADM-30192,2024-12-12 04:02:08,,staff412@novaedge.com,Visitor Request,Medium,Open,Book meeting room A for 2025-12-11 10:00-11:00 for client meeting.,Book meeting room A for 2025-12-11 10:00-11:00 for client meeting.
ADM-30193,2025-10-19 11:24:10,,staff689@novaedge.com,Visitor Request,Low,Assigned,Request to restock A4 paper and markers for the office.,Request to restock A4 paper and markers for the office.
ADM-30194,2025-07-26 21:38:56,,staff591@novaedge.com,Meeting Room Booking,Medium,Assigned,Travel request: approval for client visit to London next month.,Travel request: approval for client visit to London next month.
ADM-30195,2025-08-14 19:17:39,,staff951@novaedge.com,Badge Access,Low,Assigned,New badge access required for Staff 366 to enter building after hours.,New badge access required for Staff 366 to enter building after hours.
ADM-30196,2025-01-16 23:34:31,,staff721@novaedge.com,Visitor Request,High,Open,Requesting an additional monitor for staff721@novaedge.com.,Requesting an additional monitor for staff721@novaedge.com.
ADM-30197,2025-11-03 03:01:26,2025-03-17 12:43:13,staff152@novaedge.com,Stationery,Low,Completed,"Visitor incoming: Mr. Lee on 2025-12-12 for interview, needs access ca","Visitor incoming: Mr. Lee on 2025-12-12 for interview, needs access card."
ADM-30198,2024-11-14 23:46:32,,staff397@novaedge.com,Travel Request,Low,Open,Request to restock A4 paper and markers for the office.,Request to restock A4 paper and markers for the office.
ADM-30199,2025-09-11 13:34:30,2024-11-27 02:33:44,staff322@novaedge.com,Travel Request,High,Cancelled,Travel request: approval for client visit to London next month.,Travel request: approval for client visit to London next month.
ADM-30200,2025-03-03 01:45:17,2024-12-23 06:57:36,staff158@novaedge.com,Badge Access,High,Cancelled,New badge access required for Staff 316 to enter building after hours.,New badge access required for Staff 316 to enter building after hours.
ADM-30201,2025-01-25 06:41:32,,staff511@novaedge.com,Stationery,High,Assigned,New badge access required for Staff 52 to enter building after hours.,New badge access required for Staff 52 to enter building after hours.
ADM-30202,2025-02-04 16:47:50,,staff520@novaedge.com,Asset Request,High,Assigned,"Visitor incoming: Mr. Lee on 2025-11-22 for interview, needs access ca","Visitor incoming: Mr. Lee on 2025-11-22 for interview, needs access card."
ADM-30203,2025-11-10 07:04:39,2025-07-11 17:12:46,staff473@novaedge.com,Badge Access,Medium,Completed,Request to restock A4 paper and markers for the office.,Request to restock A4 paper and markers for the office.
ADM-30204,2024-12-24 13:38:02,,staff462@novaedge.com,Badge Access,Low,Assigned,Request to restock A4 paper and markers for the office.,Request to restock A4 paper and markers for the office.
ADM-30205,2025-07-15 08:09:26,,staff504@novaedge.com,Stationery,Low,Assigned,Book meeting room A for 2025-12-11 10:00-11:00 for client meeting.,Book meeting room A for 2025-12-11 10:00-11:00 for client meeting.
ADM-30206,2025-03-12 18:13:09,2025-08-20 04:16:59,staff221@novaedge.com,Badge Access,High,Completed,New badge access required for Staff 282 to enter building after hours.,New badge access required for Staff 282 to enter building after hours.
ADM-30207,2025-01-09 22:45:03,2025-05-15 16:12:40,staff234@novaedge.com,Badge Access,High,Cancelled,Book meeting room A for 2025-11-22 10:00-11:00 for client meeting.,Book meeting room A for 2025-11-22 10:00-11:00 for client meeting.
ADM-30208,2025-04-21 16:55:15,,staff794@novaedge.com,Travel Request,Low,Open,Requesting an additional monitor for staff794@novaedge.com.,Requesting an additional monitor for staff794@novaedge.com.
ADM-30209,2025-08-07 08:25:14,2025-01-21 09:05:55,staff184@novaedge.com,Stationery,Medium,Cancelled,Requesting an additional monitor for staff184@novaedge.com.,Requesting an additional monitor for staff184@novaedge.com.
ADM-30210,2025-07-28 02:13:58,2025-05-16 12:38:54,staff817@novaedge.com,Stationery,Low,Completed,New badge access required for Staff 102 to enter building after hours.,New badge access required for Staff 102 to enter building after hours.
ADM-30211,2025-11-10 16:05:47,,staff334@novaedge.com,Visitor Request,Low,Assigned,Book meeting room A for 2025-11-22 10:00-11:00 for client meeting.,Book meeting room A for 2025-11-22 10:00-11:00 for client meeting.
ADM-30212,2025-04-11 20:07:35,,staff731@novaedge.com,Visitor Request,Medium,Open,Book meeting room A for 2025-11-27 10:00-11:00 for client meeting.,Book meeting room A for 2025-11-27 10:00-11:00 for client meeting.
ADM-30213,2025-04-19 01:21:39,,staff327@novaedge.com,Stationery,High,Assigned,Book meeting room A for 2025-12-06 10:00-11:00 for client meeting.,Book meeting room A for 2025-12-06 10:00-11:00 for client meeting.
ADM-30214,2025-02-12 07:38:54,,staff375@novaedge.com,Meeting Room Booking,Medium,Open,Request to restock A4 paper and markers for the office.,Request to restock A4 paper and markers for the office.
ADM-30215,2025-02-24 10:23:56,,staff100@novaedge.com,Meeting Room Booking,Low,Open,Request to restock A4 paper and markers for the office.,Request to restock A4 paper and markers for the office.
ADM-30216,2024-12-24 21:11:37,2025-07-16 08:11:00,staff289@novaedge.com,Asset Request,Low,Cancelled,Request to restock A4 paper and markers for the office.,Request to restock A4 paper and markers for the office.
ADM-30217,2025-06-22 21:29:45,,staff439@novaedge.com,Travel Request,High,Assigned,Requesting an additional monitor for staff439@novaedge.com.,Requesting an additional monitor for staff439@novaedge.com.
ADM-30218,2025-07-01 23:08:12,2025-06-21 20:16:43,staff315@novaedge.com,Visitor Request,High,Completed,Book meeting room A for 2025-12-22 10:00-11:00 for client meeting.,Book meeting room A for 2025-12-22 10:00-11:00 for client meeting.
ADM-30219,2025-10-23 22:31:43,,staff297@novaedge.com,Meeting Room Booking,High,Assigned,Book meeting room A for 2025-12-30 10:00-11:00 for client meeting.,Book meeting room A for 2025-12-30 10:00-11:00 for client meeting.
ADM-30220,2024-11-30 03:59:18,2025-01-23 03:33:14,staff842@novaedge.com,Asset Request,Medium,Completed,Travel request: approval for client visit to Mumbai next month.,Travel request: approval for client visit to Mumbai next month.
ADM-30221,2025-04-26 20:54:26,2025-08-02 23:58:39,staff998@novaedge.com,Asset Request,High,Completed,Request to restock A4 paper and markers for the office.,Request to restock A4 paper and markers for the office.
ADM-30222,2025-06-20 20:47:21,2025-07-26 11:20:58,staff529@novaedge.com,Badge Access,Low,Cancelled,Book meeting room A for 2025-12-18 10:00-11:00 for client meeting.,Book meeting room A for 2025-12-18 10:00-11:00 for client meeting.
ADM-30223,2025-07-22 02:07:30,,staff679@novaedge.com,Visitor Request,Medium,Open,New badge access required for Staff 380 to enter building after hours.,New badge access required for Staff 380 to enter building after hours.
ADM-30224,2025-04-09 11:38:24,,staff548@novaedge.com,Asset Request,Low,Assigned,Requesting an additional monitor for staff548@novaedge.com.,Requesting an additional monitor for staff548@novaedge.com.
ADM-30225,2025-10-01 01:36:03,,staff103@novaedge.com,Stationery,Low,Assigned,Requesting an additional monitor for staff103@novaedge.com.,Requesting an additional monitor for staff103@novaedge.com.
ADM-30226,2025-06-03 17:02:42,2025-01-15 15:07:07,staff410@novaedge.com,Asset Request,Medium,Completed,Travel request: approval for client visit to San Francisco next month.,Travel request: approval for client visit to San Francisco next month.
ADM-30227,2025-02-20 21:12:44,,staff398@novaedge.com,Meeting Room Booking,High,Assigned,Request to restock A4 paper and markers for the office.,Request to restock A4 paper and markers for the office.
ADM-30228,2025-07-03 02:30:18,,staff943@novaedge.com,Meeting Room Booking,High,Assigned,Book meeting room A for 2025-11-28 10:00-11:00 for client meeting.,Book meeting room A for 2025-11-28 10:00-11:00 for client meeting.
ADM-30229,2025-04-12 05:17:12,,staff822@novaedge.com,Stationery,Medium,Open,Travel request: approval for client visit to Mumbai next month.,Travel request: approval for client visit to Mumbai next month.
ADM-30230,2025-08-07 19:10:43,2025-02-24 06:17:08,staff158@novaedge.com,Asset Request,Medium,Completed,Request to restock A4 paper and markers for the office.,Request to restock A4 paper and markers for the office.
ADM-30231,2025-09-27 17:37:44,,staff839@novaedge.com,Stationery,Low,Open,Travel request: approval for client visit to San Francisco next month.,Travel request: approval for client visit to San Francisco next month.
ADM-30232,2025-06-14 11:34:40,,staff936@novaedge.com,Travel Request,High,Assigned,Request to restock A4 paper and markers for the office.,Request to restock A4 paper and markers for the office.
ADM-30233,2024-12-18 08:56:12,2025-01-19 10:15:42,staff337@novaedge.com,Badge Access,Low,Cancelled,"Visitor incoming: Mr. Lee on 2025-12-31 for interview, needs access ca","Visitor incoming: Mr. Lee on 2025-12-31 for interview, needs access card."
ADM-30234,2025-03-07 09:12:23,,staff683@novaedge.com,Visitor Request,Low,Assigned,Request to restock A4 paper and markers for the office.,Request to restock A4 paper and markers for the office.
ADM-30235,2025-10-12 00:11:28,,staff171@novaedge.com,Visitor Request,Medium,Assigned,"Visitor incoming: Mr. Kumar on 2025-11-24 for interview, needs access ","Visitor incoming: Mr. Kumar on 2025-11-24 for interview, needs access card."
ADM-30236,2025-04-03 07:57:37,,staff844@novaedge.com,Badge Access,Low,Assigned,Book meeting room A for 2026-01-02 10:00-11:00 for client meeting.,Book meeting room A for 2026-01-02 10:00-11:00 for client meeting.
ADM-30237,2024-11-19 02:26:09,,staff235@novaedge.com,Meeting Room Booking,Low,Open,"Visitor incoming: Mr. Kumar on 2025-11-30 for interview, needs access ","Visitor incoming: Mr. Kumar on 2025-11-30 for interview, needs access card."
ADM-30238,2025-08-18 10:55:39,2025-10-05 21:32:31,staff973@novaedge.com,Meeting Room Booking,Low,Completed,"Visitor incoming: Mr. Kumar on 2025-12-30 for interview, needs access ","Visitor incoming: Mr. Kumar on 2025-12-30 for interview, needs access card."
ADM-30239,2025-07-01 04:58:45,2024-12-29 02:20:40,staff590@novaedge.com,Visitor Request,Medium,Completed,Requesting an additional monitor for staff590@novaedge.com.,Requesting an additional monitor for staff590@novaedge.com.
ADM-30240,2024-11-22 22:27:02,2025-04-19 01:54:34,staff205@novaedge.com,Meeting Room Booking,Low,Completed,Book meeting room A for 2025-12-17 10:00-11:00 for client meeting.,Book meeting room A for 2025-12-17 10:00-11:00 for client meeting.
ADM-30241,2025-05-12 16:33:04,2025-11-10 19:19:52,staff331@novaedge.com,Visitor Request,Medium,Completed,Travel request: approval for client visit to Bengaluru next month.,Travel request: approval for client visit to Bengaluru next month.
ADM-30242,2025-10-17 04:28:58,2025-10-15 22:17:45,staff465@novaedge.com,Visitor Request,Low,Completed,Book meeting room A for 2025-11-19 10:00-11:00 for client meeting.,Book meeting room A for 2025-11-19 10:00-11:00 for client meeting.
ADM-30243,2025-07-20 04:02:20,,staff282@novaedge.com,Meeting Room Booking,High,Assigned,Requesting an additional monitor for staff282@novaedge.com.,Requesting an additional monitor for staff282@novaedge.com.
ADM-30244,2025-10-14 14:24:57,2025-07-13 16:58:22,staff739@novaedge.com,Visitor Request,High,Completed,Book meeting room A for 2026-01-06 10:00-11:00 for client meeting.,Book meeting room A for 2026-01-06 10:00-11:00 for client meeting.
ADM-30245,2025-03-11 01:38:44,,staff907@novaedge.com,Stationery,High,Open,Travel request: approval for client visit to Mumbai next month.,Travel request: approval for client visit to Mumbai next month.
ADM-30246,2025-01-05 23:29:35,2025-03-12 02:09:03,staff934@novaedge.com,Badge Access,Medium,Cancelled,New badge access required for Staff 296 to enter building after hours.,New badge access required for Staff 296 to enter building after hours.
ADM-30247,2025-06-21 19:28:22,2025-07-04 12:51:20,staff461@novaedge.com,Visitor Request,Low,Cancelled,New badge access required for Staff 218 to enter building after hours.,New badge access required for Staff 218 to enter building after hours.
ADM-30248,2025-05-12 23:23:29,,staff492@novaedge.com,Visitor Request,High,Assigned,Requesting an additional monitor for staff492@novaedge.com.,Requesting an additional monitor for staff492@novaedge.com.
ADM-30249,2025-07-28 19:18:01,2025-02-08 00:29:39,staff185@novaedge.com,Asset Request,Low,Cancelled,Requesting an additional monitor for staff185@novaedge.com.,Requesting an additional monitor for staff185@novaedge.com.
ADM-30250,2024-12-05 22:06:03,,staff471@novaedge.com,Meeting Room Booking,Low,Open,"Visitor incoming: Mr. Lee on 2025-12-20 for interview, needs access ca","Visitor incoming: Mr. Lee on 2025-12-20 for interview, needs access card."
ADM-30251,2025-02-10 16:28:49,,staff401@novaedge.com,Stationery,Medium,Assigned,Requesting an additional monitor for staff401@novaedge.com.,Requesting an additional monitor for staff401@novaedge.com.
ADM-30252,2025-07-26 06:14:11,,staff220@novaedge.com,Visitor Request,Low,Assigned,Travel request: approval for client visit to Bengaluru next month.,Travel request: approval for client visit to Bengaluru next month.
ADM-30253,2025-09-27 21:34:53,,staff818@novaedge.com,Badge Access,Medium,Open,New badge access required for Staff 38 to enter building after hours.,New badge access required for Staff 38 to enter building after hours.
ADM-30254,2025-09-13 12:21:31,2025-04-15 04:41:53,staff244@novaedge.com,Meeting Room Booking,Low,Completed,Book meeting room A for 2025-11-20 10:00-11:00 for client meeting.,Book meeting room A for 2025-11-20 10:00-11:00 for client meeting.
ADM-30255,2025-04-25 05:24:43,,staff866@novaedge.com,Visitor Request,Medium,Assigned,New badge access required for Staff 241 to enter building after hours.,New badge access required for Staff 241 to enter building after hours.
ADM-30256,2025-06-22 16:45:49,,staff393@novaedge.com,Travel Request,High,Open,Travel request: approval for client visit to Bengaluru next month.,Travel request: approval for client visit to Bengaluru next month.
ADM-30257,2025-07-31 20:07:34,,staff111@novaedge.com,Visitor Request,High,Assigned,New badge access required for Staff 349 to enter building after hours.,New badge access required for Staff 349 to enter building after hours.
ADM-30258,2025-11-04 08:45:16,2025-05-23 12:33:08,staff826@novaedge.com,Stationery,High,Completed,"Visitor incoming: Mr. Lee on 2025-11-29 for interview, needs access ca","Visitor incoming: Mr. Lee on 2025-11-29 for interview, needs access card."
ADM-30259,2025-09-10 09:20:47,,staff510@novaedge.com,Visitor Request,High,Assigned,New badge access required for Staff 113 to enter building after hours.,New badge access required for Staff 113 to enter building after hours.
ADM-30260,2025-09-12 02:56:43,,staff936@novaedge.com,Asset Request,High,Open,Request to restock A4 paper and markers for the office.,Request to restock A4 paper and markers for the office.
ADM-30261,2024-12-12 13:48:22,2025-06-22 08:08:56,staff762@novaedge.com,Visitor Request,Low,Completed,Book meeting room A for 2025-12-12 10:00-11:00 for client meeting.,Book meeting room A for 2025-12-12 10:00-11:00 for client meeting.
ADM-30262,2025-06-20 02:53:36,,staff388@novaedge.com,Stationery,Low,Assigned,Book meeting room A for 2025-11-25 10:00-11:00 for client meeting.,Book meeting room A for 2025-11-25 10:00-11:00 for client meeting.
ADM-30263,2025-11-05 15:46:20,,staff753@novaedge.com,Stationery,Low,Assigned,Request to restock A4 paper and markers for the office.,Request to restock A4 paper and markers for the office.
ADM-30264,2025-11-07 01:44:51,2025-08-15 12:54:53,staff146@novaedge.com,Asset Request,Low,Cancelled,Request to restock A4 paper and markers for the office.,Request to restock A4 paper and markers for the office.
ADM-30265,2025-07-28 15:28:36,,staff422@novaedge.com,Badge Access,High,Assigned,Request to restock A4 paper and markers for the office.,Request to restock A4 paper and markers for the office.
ADM-30266,2025-06-16 11:51:38,2025-04-02 15:30:06,staff859@novaedge.com,Meeting Room Booking,Medium,Cancelled,"Visitor incoming: Mr. Kumar on 2025-12-17 for interview, needs access ","Visitor incoming: Mr. Kumar on 2025-12-17 for interview, needs access card."
ADM-30267,2025-10-27 22:53:28,2025-02-06 16:45:25,staff265@novaedge.com,Asset Request,Low,Completed,Travel request: approval for client visit to Bengaluru next month.,Travel request: approval for client visit to Bengaluru next month.
ADM-30268,2025-11-11 08:33:57,,staff887@novaedge.com,Visitor Request,High,Assigned,Requesting an additional monitor for staff887@novaedge.com.,Requesting an additional monitor for staff887@novaedge.com.
ADM-30269,2025-06-29 17:48:25,2025-10-23 07:50:22,staff558@novaedge.com,Asset Request,High,Completed,Request to restock A4 paper and markers for the office.,Request to restock A4 paper and markers for the office.
ADM-30270,2025-06-09 02:15:16,2025-11-12 03:11:12,staff344@novaedge.com,Meeting Room Booking,High,Cancelled,Book meeting room A for 2025-11-28 10:00-11:00 for client meeting.,Book meeting room A for 2025-11-28 10:00-11:00 for client meeting.
ADM-30271,2024-12-18 12:38:30,,staff884@novaedge.com,Meeting Room Booking,Low,Assigned,Book meeting room A for 2026-01-09 10:00-11:00 for client meeting.,Book meeting room A for 2026-01-09 10:00-11:00 for client meeting.
ADM-30272,2024-12-16 17:51:04,2025-01-18 13:52:28,staff265@novaedge.com,Stationery,Low,Completed,Request to restock A4 paper and markers for the office.,Request to restock A4 paper and markers for the office.
ADM-30273,2025-11-03 20:07:32,2025-05-11 09:21:06,staff362@novaedge.com,Badge Access,Medium,Cancelled,"Visitor incoming: Mr. Lee on 2026-01-02 for interview, needs access ca","Visitor incoming: Mr. Lee on 2026-01-02 for interview, needs access card."
ADM-30274,2025-04-24 01:51:12,2025-05-20 05:31:16,staff518@novaedge.com,Stationery,Medium,Cancelled,Travel request: approval for client visit to Mumbai next month.,Travel request: approval for client visit to Mumbai next month.
ADM-30275,2025-09-30 10:18:09,2025-11-10 23:32:12,staff185@novaedge.com,Asset Request,Medium,Completed,New badge access required for Staff 260 to enter building after hours.,New badge access required for Staff 260 to enter building after hours.
ADM-30276,2025-01-09 14:10:05,,staff858@novaedge.com,Meeting Room Booking,High,Open,Requesting an additional monitor for staff858@novaedge.com.,Requesting an additional monitor for staff858@novaedge.com.
ADM-30277,2025-04-04 21:02:11,2025-05-01 21:45:48,staff262@novaedge.com,Meeting Room Booking,Medium,Cancelled,Book meeting room A for 2025-12-21 10:00-11:00 for client meeting.,Book meeting room A for 2025-12-21 10:00-11:00 for client meeting.
ADM-30278,2024-12-15 12:00:31,2025-08-08 06:34:46,staff579@novaedge.com,Meeting Room Booking,Medium,Cancelled,New badge access required for Staff 461 to enter building after hours.,New badge access required for Staff 461 to enter building after hours.
ADM-30279,2025-05-10 16:08:50,,staff511@novaedge.com,Badge Access,Medium,Assigned,Request to restock A4 paper and markers for the office.,Request to restock A4 paper and markers for the office.
ADM-30280,2025-10-26 09:21:29,2025-01-06 06:54:14,staff217@novaedge.com,Travel Request,High,Cancelled,Requesting an additional monitor for staff217@novaedge.com.,Requesting an additional monitor for staff217@novaedge.com.
ADM-30281,2025-11-06 08:23:45,,staff715@novaedge.com,Visitor Request,Medium,Open,Request to restock A4 paper and markers for the office.,Request to restock A4 paper and markers for the office.
ADM-30282,2024-12-14 16:27:45,,staff988@novaedge.com,Visitor Request,Low,Assigned,Request to restock A4 paper and markers for the office.,Request to restock A4 paper and markers for the office.
ADM-30283,2025-01-31 07:45:43,2025-10-06 03:31:33,staff183@novaedge.com,Meeting Room Booking,Medium,Cancelled,New badge access required for Staff 447 to enter building after hours.,New badge access required for Staff 447 to enter building after hours.
ADM-30284,2025-10-23 23:36:42,,staff538@novaedge.com,Visitor Request,Low,Open,"Visitor incoming: Mr. Smith on 2025-12-06 for interview, needs access ","Visitor incoming: Mr. Smith on 2025-12-06 for interview, needs access card."
ADM-30285,2025-04-05 05:03:06,,staff813@novaedge.com,Badge Access,Medium,Assigned,Travel request: approval for client visit to London next month.,Travel request: approval for client visit to London next month.
ADM-30286,2025-07-14 13:23:40,,staff179@novaedge.com,Meeting Room Booking,High,Assigned,"Visitor incoming: Mr. Garcia on 2025-12-31 for interview, needs access","Visitor incoming: Mr. Garcia on 2025-12-31 for interview, needs access card."
ADM-30287,2025-09-25 15:28:58,2024-12-25 15:23:57,staff114@novaedge.com,Travel Request,High,Completed,"Visitor incoming: Mr. Lee on 2025-11-24 for interview, needs access ca","Visitor incoming: Mr. Lee on 2025-11-24 for interview, needs access card."
ADM-30288,2025-07-05 09:06:38,2025-06-13 06:47:08,staff633@novaedge.com,Travel Request,Medium,Completed,"Visitor incoming: Mr. Kumar on 2025-12-31 for interview, needs access ","Visitor incoming: Mr. Kumar on 2025-12-31 for interview, needs access card."
ADM-30289,2025-03-31 23:35:55,,staff530@novaedge.com,Meeting Room Booking,Low,Assigned,"Visitor incoming: Mr. Garcia on 2025-12-29 for interview, needs access","Visitor incoming: Mr. Garcia on 2025-12-29 for interview, needs access card."
ADM-30290,2025-03-04 09:14:12,,staff795@novaedge.com,Stationery,Low,Assigned,Request to restock A4 paper and markers for the office.,Request to restock A4 paper and markers for the office.
ADM-30291,2025-03-22 17:34:24,,staff816@novaedge.com,Stationery,High,Open,New badge access required for Staff 212 to enter building after hours.,New badge access required for Staff 212 to enter building after hours.
ADM-30292,2025-01-17 17:48:17,2025-06-19 07:27:19,staff216@novaedge.com,Asset Request,Medium,Completed,New badge access required for Staff 235 to enter building after hours.,New badge access required for Staff 235 to enter building after hours.
ADM-30293,2025-10-22 12:13:13,2025-10-10 19:44:10,staff391@novaedge.com,Asset Request,Medium,Cancelled,Request to restock A4 paper and markers for the office.,Request to restock A4 paper and markers for the office.
ADM-30294,2025-05-14 08:42:37,,staff191@novaedge.com,Meeting Room Booking,Low,Open,New badge access required for Staff 316 to enter building after hours.,New badge access required for Staff 316 to enter building after hours.
ADM-30295,2025-09-21 01:08:28,,staff748@novaedge.com,Asset Request,High,Open,Book meeting room A for 2025-12-13 10:00-11:00 for client meeting.,Book meeting room A for 2025-12-13 10:00-11:00 for client meeting.
ADM-30296,2025-03-22 03:34:44,2025-08-30 21:27:49,staff664@novaedge.com,Visitor Request,Low,Cancelled,New badge access required for Staff 101 to enter building after hours.,New badge access required for Staff 101 to enter building after hours.
ADM-30297,2025-10-01 05:33:42,2025-02-18 17:12:53,staff107@novaedge.com,Badge Access,Medium,Cancelled,Request to restock A4 paper and markers for the office.,Request to restock A4 paper and markers for the office.
ADM-30298,2025-01-09 03:46:16,,staff104@novaedge.com,Badge Access,High,Assigned,Book meeting room A for 2026-01-11 10:00-11:00 for client meeting.,Book meeting room A for 2026-01-11 10:00-11:00 for client meeting.
ADM-30299,2025-11-04 11:58:42,2025-01-23 11:54:29,staff443@novaedge.com,Stationery,High,Completed,"Visitor incoming: Mr. Garcia on 2025-11-25 for interview, needs access","Visitor incoming: Mr. Garcia on 2025-11-25 for interview, needs access card."
